id,name,category,description,evidence_text,evidence_source,expected_impact,moderation_note,difficulty_level,is_default,recommended_frequency,max_healthy_frequency,created_at
f6fde9e2-95e2-4bef-bcf2-c61f5be9c7a4,صلاة الفجر,فرض,أول الصلوات الخمس المفروضة,null,null,انضباط يومي وبركة في الوقت,null,1,true,daily,null,2026-09-26 13:37:55.412969+00
ea620a04-191a-4be7-bc78-9e0e78539cb8,صلاة الظهر,فرض,null,null,null,null,null,1,true,daily,null,2026-09-26 13:37:55.412969+00
2b0728fe-b032-49ea-938f-960280fac5b9,صلاة العصر,فرض,null,null,null,null,null,1,true,daily,null,2026-09-26 13:37:55.412969+00
16385c28-5aa8-4392-8f15-ed035e2b30bc,صلاة المغرب,فرض,null,null,null,null,null,1,true,daily,null,2026-09-26 13:37:55.412969+00
2bc53de1-e145-4a3c-ad77-784e66ce94d8,صلاة العشاء,فرض,null,null,null,null,null,1,true,daily,null,2026-09-26 13:37:55.412969+00
8db17237-60dd-4ad5-ad05-c14d409bd434,أذكار الصباح,ذكر,أذكار مأثورة تُقال بعد الفجر,null,null,طمأنينة وحماية معنوية خلال اليوم,يُستحب الاقتصار على الوارد وعدم الإطالة المبالغ فيها التي تشق على النفس,2,true,daily,null,2026-09-26 13:37:55.412969+00
f7d4c197-3605-4d4c-9b1b-e06c86d8a20e,أذكار المساء,ذكر,أذكار مأثورة تُقال بعد العصر,null,null,null,null,2,true,daily,null,2026-09-26 13:37:55.412969+00
067a7cbb-13d9-4972-a03b-05dacb5c8187,وِرد قرآن يومي,سنة,قراءة جزء أو مقدار ثابت يوميًا,null,null,تعلّق بالقرآن واستمرارية في العلم والتدبر,يُفضّل تثبيت مقدار يسير يُداوَم عليه بدل كمية كبيرة تُترك بعد أيام,2,true,daily,null,2026-09-26 13:37:55.412969+00
02ca7485-b09c-4c29-a63e-2019fd2a1843,صلاة الوتر,سنة مؤكدة,صلاة تُختم بها صلاة الليل، وتيرها العدد الفردي من الركعات,قال رسول الله ﷺ: إن الله وتر يحب الوتر، فأوتروا يا أهل القرآن. وعن عائشة رضي الله عنها: من كل الليل قد أوتر رسول الله ﷺ، من أول الليل ومن أوسطه ومن آخره، وانتهى وتره إلى السحر.,رواه أبو داود والترمذي (حديث حسن) - متفق عليه (حديث عائشة),ختم العبادة اليومية بخشوع، وتعويد النفس على الاستمرارية القلبية قبل النوم,المداومة عليها مطلوبة، لكن لا حرج في أدائها بأقل عدد (ركعة واحدة) عند التعب أو ضيق الوقت؛ الاستمرار بانتظام أهم من الإطالة في كل مرة,1,false,daily,null,2026-09-27 17:48:26.54133+00
b85b702f-9ba4-4a37-b64e-f28c77cf94a9,صلاة الضحى,سنة,ركعتان أو أكثر تُصلى بعد ارتفاع الشمس وقبل الزوال,أوصاني خليلي ﷺ بصيام ثلاثة أيام من كل شهر، وركعتي الضحى، وأن أوتر قبل أن أرقد. وعن أبي ذر رضي الله عنه: يصبح على كل سلامى من أحدكم صدقة... ويجزئ من ذلك ركعتان يركعهما من الضحى.,متفق عليه (حديث أبي هريرة) - رواه مسلم (حديث أبي ذر),شعور بالبركة في الوقت والرزق، وتذكير عملي بشكر النعمة أول النهار,أقلها ركعتان، ولا حاجة للإكثار أو الإطالة اعتقادًا أن ذلك أفضل؛ المداومة على القليل خير من الانقطاع بعد الكثير,1,false,daily,null,2026-09-27 17:48:26.54133+00
f13ccbe4-34c8-4e99-aefb-a8130374dc5b,صيام الاثنين والخميس,سنة,صيام تطوع في يومي الاثنين والخميس من كل أسبوع,سئل رسول الله ﷺ عن صوم يوم الاثنين فقال: ذلك يوم ولدت فيه، ويوم بعثت أو أنزل علي فيه. وعن أبي هريرة رضي الله عنه: تعرض الأعمال يوم الاثنين والخميس، فأحب أن يعرض عملي وأنا صائم.,رواه مسلم (حديث أبي قتادة) - رواه الترمذي، حديث حسن (حديث أبي هريرة),انضباط أسبوعي هادئ، وتدريب النفس على الصبر دون إرهاق كامل الشهر,لمن يشق عليه الصيام مرتين أسبوعيًا بسبب صحته أو ظروفه، يبدأ بيوم واحد فقط؛ لا حرج في ترك يوم لعذر، فالأجر على النية والاستمرار لا على الكمال,3,false,weekly,2,2026-09-27 17:48:26.54133+00
d5af1edf-5180-4968-a299-70ba948d40d0,الاستغفار,ذكر,طلب المغفرة من الله بصيغ مأثورة، يُكرر على مدار اليوم,قال رسول الله ﷺ: والله إني لأستغفر الله وأتوب إليه في اليوم أكثر من سبعين مرة. وعن ابن عمر رضي الله عنهما: كنا نعد لرسول الله ﷺ في المجلس الواحد مائة مرة: رب اغفر لي وتب علي إنك أنت التواب الرحيم.,رواه البخاري (حديث أبي هريرة) - رواه أبو داود والترمذي، حديث صحيح (حديث ابن عمر),طمأنينة قلبية وتخفيف الشعور بالذنب، وتجديد الصلة بالله على مدار اليوم,لا يُشترط عدد معين ولا صيغة واحدة لتحصيل أجره؛ الإكثار مطلوب لكنه لا يعني الوسوسة بعدّ دقيق يُشغل القلب عن حضوره في الذكر نفسه,1,false,daily,null,2026-09-27 17:48:26.54133+00
66281f34-fe30-445a-bfc5-de72ee710168,السنن الرواتب,سنة,اثنتا عشرة ركعة تُصلى تطوعًا مع الفرائض في اليوم والليلة,عن أم حبيبة رضي الله عنها قالت: سمعت رسول الله ﷺ يقول: ما من عبد مسلم يصلي لله كل يوم ثنتي عشرة ركعة تطوعًا غير فريضة، إلا بنى الله له بيتًا في الجنة.,رواه مسلم,ارتباط أقوى بالفرائض، وسدّ لما قد يقع فيها من نقص,يمكن البدء بسنة واحدة ثم الزيادة تدريجيًا؛ لا يُترك الفرض ولا يُؤخَّر بسبب النافلة,2,false,daily,null,2026-10-04 11:03:20.493577+00
4e0f2bac-a923-460f-a9ce-dc0ddeb2020b,أذكار بعد الصلاة,ذكر,التسبيح والتحميد والتكبير ثلاثًا وثلاثين لكل منها بعد الصلاة المفروضة، وتمام المئة بالتهليل,عن أبي هريرة رضي الله عنه: من سبّح الله دبر كل صلاة ثلاثًا وثلاثين، وحمد الله ثلاثًا وثلاثين، وكبّر الله ثلاثًا وثلاثين، فتلك تسعة وتسعون، وقال تمام المئة: لا إله إلا الله وحده لا شريك له، له الملك وله الحمد وهو على كل شيء قدير، غُفرت خطاياه وإن كانت مثل زبد البحر.,رواه مسلم,سكينة بعد الصلاة، وربط الذكر بعادة ثابتة تسهّل المداومة,دقيقة أو دقيقتان تكفي؛ ويمكن البدء بصلاة واحدة في اليوم,1,false,daily,null,2026-10-04 11:03:20.493577+00
2ce8d573-fcc8-4e26-8223-429e2d3a4063,الصلاة على النبي ﷺ,ذكر,الإكثار من الصلاة والسلام على النبي ﷺ في أي وقت,عن أبي هريرة رضي الله عنه: من صلى علي صلاة صلى الله عليه بها عشرًا.,رواه مسلم,عادة خفيفة يمكن أداؤها في أي وقت، وتقوّي محبة النبي ﷺ,لا تحتاج وقتًا خاصًا ولا عددًا محددًا؛ القليل الدائم خير,1,false,daily,null,2026-10-04 11:03:20.493577+00
9ee5caf7-e20c-4b34-b708-391204003c54,قيام الليل,سنة,صلاة النافلة في الليل بعد العشاء ولو ركعتين قبل الوتر,عن أبي هريرة رضي الله عنه: أفضل الصلاة بعد الفريضة صلاة الليل.,رواه مسلم,صفاء ذهني وقرب من الله، وبداية هادئة لنهار منظم,يكفي ركعتان؛ ولا يُرهق المرء نفسه بسهر طويل فيفوّته الفجر أو يضعف عن واجباته. وفي الحديث: يا عبد الله، لا تكن مثل فلان كان يقوم الليل فترك قيام الليل (متفق عليه),3,false,daily,null,2026-10-04 11:03:20.493577+00
d1ec96c0-9254-4243-8dfd-d89168bdea7b,صدقة يومية,سنة,صدقة يسيرة كل يوم ولو بمبلغ صغير أو بكلمة طيبة,عن عدي بن حاتم رضي الله عنه: اتقوا النار ولو بشق تمرة، فمن لم يجد فبكلمة طيبة.,متفق عليه,تعويد النفس على العطاء، وبركة في المال والوقت,القليل المستمر خير من الكثير المنقطع؛ ولا يتصدق المرء بما يضر نفسه أو من يعول,1,false,daily,null,2026-10-04 11:03:20.493577+00
c84c56ac-f0f4-440c-9708-c65c20d0bfa7,صيام ثلاثة أيام من كل شهر,سنة,صيام تطوع ثلاثة أيام في الشهر، ويُستحب كونها الأيام البيض (13 و14 و15 هجريًا),عن أبي هريرة رضي الله عنه: أوصاني خليلي ﷺ بثلاث: صيام ثلاثة أيام من كل شهر، وركعتي الضحى، وأن أوتر قبل أن أرقد. وعن عبد الله بن عمرو رضي الله عنهما: صوم ثلاثة أيام من كل شهر صوم الدهر كله.,متفق عليه,انضباط شهري هادئ، وتدريب على الصبر دون إرهاق,هذا هو القدر المعتدل؛ وقد نُهي عن صيام الدهر كله (متفق عليه)، فلا يُزاد على هذا القدر ابتداءً,2,false,monthly,3,2026-10-04 11:03:20.493577+00
2d2d4ebb-1780-4091-b7ac-82ab3973d247,أذكار النوم,ذكر,قراءة آية الكرسي وأذكار النوم قبل النوم,عن أبي هريرة رضي الله عنه في قصة حفظ زكاة رمضان: إذا أويت إلى فراشك فاقرأ آية الكرسي، فإنه لن يزال عليك من الله حافظ، ولا يقربك شيطان حتى تصبح.,رواه البخاري,ختام هادئ لليوم، ونوم أكثر طمأنينة,تكفي آية الكرسي للمبتدئ، ثم تُضاف بقية الأذكار تدريجيًا,1,false,daily,null,2026-10-04 11:03:20.493577+00
c0ef138b-6120-4f35-b17d-3b2df2c2bf61,بر الوالدين,سنة,تواصل يومي مع الوالدين بزيارة أو اتصال أو خدمة أو دعاء,عن عبد الله بن مسعود رضي الله عنه: سألت النبي ﷺ: أي العمل أحب إلى الله؟ قال: الصلاة على وقتها. قلت: ثم أي؟ قال: بر الوالدين.,متفق عليه,علاقة أقوى مع الأسرة، وأثر نفسي طيب,يكفي اتصال قصير يوميًا؛ وإن كان أحد الوالدين متوفى فالدعاء له من البر,1,false,daily,null,2026-10-04 11:03:20.493577+00